Tentative compound ID#,SBSE1,SBSE10,SBSE11,SBSE12,SBSE13,SBSE14,SBSE15,SBSE16,SBSE3,SBSE9,SBSE4,SBSE5,SBSE6,SBSE7,SBSE8,SBSE2,pval
4,0,0,0,0,0,0,1,0,0,0,0,0,0,0,1,0,0.7100281378519226
7,0,1,0,0,0,0,0,0,0,0,0,1,0,0,1,0,0.276822714688858
12,1,0,0,0,0,1,0,0,1,1,1,1,0,1,0,1,0.28042097222936935
13,1,0,0,0,0,0,0,0,0,1,1,0,0,0,0,1,0.5626156686992476
14,1,0,0,1,0,0,0,0,1,1,0,1,0,1,0,1,0.6963619219820583
15,1,0,0,0,0,0,0,0,0,1,0,1,0,0,0,0,0.8662133726349168
16,1,0,0,0,1,1,0,1,1,0,1,0,0,0,0,1,0.5034000494530544
17,1,0,1,0,0,0,0,1,1,0,1,1,0,1,0,1,0.2804209722293698
18,1,0,1,1,0,0,0,1,1,0,1,0,0,0,1,0,0.5034000494530544
19,1,0,0,1,1,1,0,1,1,0,1,0,0,1,0,1,0.6963619219820578
21,1,0,0,0,0,0,0,0,0,0,0,1,0,0,0,0,0.7100281378519226
23,1,1,1,1,0,1,0,1,0,0,0,0,0,0,0,0,0.00010751117672946897
24,1,1,1,0,1,0,0,1,0,0,0,1,1,1,1,1,0.12873504895794774
25,1,1,1,1,1,1,1,1,1,1,1,1,1,1,1,1,
26,1,1,0,0,1,1,0,0,1,0,1,1,0,0,0,0,0.5034000494530544
27,1,0,0,0,1,0,0,0,0,1,0,0,0,1,0,1,0.8899519866505381
29,1,0,0,0,1,0,0,0,0,0,0,0,1,1,0,1,0.21156368670330417
30,0,0,0,0,0,0,0,1,1,0,0,0,0,0,0,0,0.11384629800665769
31,1,0,0,0,1,0,0,0,1,0,0,1,1,0,1,1,0.12800542612569377
32,0,0,0,0,0,0,1,0,0,1,0,0,0,0,0,0,0.11384629800665769
34,1,0,0,0,0,1,0,0,0,1,1,0,1,0,0,0,0.8899519866505381
35,1,0,0,0,0,1,0,1,0,0,1,0,1,0,0,1,0.4243278351260509
36,1,0,0,0,0,1,0,0,0,0,0,0,0,0,0,0,0.11384629800665769
40,1,0,0,0,0,1,0,0,0,1,0,0,0,0,0,0,0.038433930236781544
41,1,0,0,1,1,1,0,0,1,0,1,0,0,0,0,0,0.12873504895794774
42,1,0,0,0,0,1,0,0,0,0,0,0,0,0,0,0,0.11384629800665769
43,0,1,0,0,0,1,0,1,0,0,1,0,0,1,0,0,0.8899519866505381
44,0,1,1,0,1,0,0,1,0,0,1,1,1,0,0,0,0.6963619219820587
46,1,1,0,0,0,0,0,0,1,1,1,1,0,1,0,1,0.28042097222936957
51,1,0,1,1,1,1,0,1,1,1,0,0,0,0,0,0,2.539628507491898e-10
53,1,0,0,0,0,0,0,1,1,0,1,0,1,0,1,0,0.4243278351260509
54,1,1,1,0,0,0,0,1,1,0,0,1,1,0,0,1,1.0
55,1,1,1,1,0,0,0,1,1,0,1,1,1,1,0,1,0.2825564792379551
57,1,0,0,0,1,0,0,0,0,1,0,0,0,1,0,0,0.5257060830333564
58,1,0,1,0,0,1,0,0,0,0,1,0,0,0,0,0,0.5257060830333566
61,0,0,0,0,1,0,0,1,0,0,0,0,0,1,0,0,0.8662133726349168
63,1,0,0,1,0,0,0,0,1,0,0,0,0,0,0,0,0.038433930236781766
66,0,1,1,1,0,0,0,1,0,0,1,1,0,0,0,0,0.7872806277783466
69,0,0,0,0,0,1,0,1,0,0,0,0,0,0,0,0,0.11384629800665769
70,0,1,0,0,0,0,0,1,0,0,0,0,0,0,0,0,0.11384629800665791
71,0,1,1,1,1,1,0,0,0,1,1,1,1,1,0,1,0.2825564792379551
73,1,1,0,0,1,0,0,0,0,0,0,0,0,1,0,0,0.5257060830333566
75,1,1,1,1,0,1,0,1,1,1,1,0,0,0,0,0,0.0013698285181453773
76,0,0,0,0,1,0,0,1,0,1,0,0,0,1,0,0,0.5257060830333564
77,0,1,1,1,1,0,0,0,0,1,1,0,0,0,0,0,0.12873504895794774
78,1,1,1,1,1,1,0,1,1,1,0,0,0,0,0,0,0.0
79,1,0,0,0,0,1,0,1,1,1,1,1,0,1,0,1,0.5034000494530544
80,1,0,0,1,1,1,0,0,0,1,0,0,1,0,0,0,0.12873504895794774
81,1,0,1,1,1,0,0,0,1,1,0,0,1,1,0,1,0.6963619219820578
83,1,0,1,1,1,0,0,0,0,1,1,0,0,1,0,1,1.0
84,0,1,0,0,0,1,0,0,0,0,0,0,0,0,0,0,0.11384629800665769
85,1,0,0,1,1,0,0,0,1,0,0,0,0,0,0,0,0.009823274507519075
86,1,0,0,0,0,0,0,0,1,0,1,0,0,0,0,1,0.5626156686992478
88,1,0,0,0,0,0,0,0,0,0,1,1,0,1,0,1,0.008265343583559792
90,1,0,0,0,0,0,0,0,1,0,0,0,0,0,0,0,0.11384629800665813
91,1,0,0,0,1,0,0,1,0,0,1,1,0,1,0,0,0.4243278351260509
93,0,0,0,0,0,1,0,0,0,0,1,0,0,1,0,1,0.0755605675259412
94,1,0,0,0,0,0,0,0,0,0,1,0,0,0,0,0,0.7100281378519226
95,1,0,0,0,0,0,0,0,0,0,0,0,0,0,0,1,0.7100281378519226
96,1,0,1,1,0,0,0,0,1,1,1,1,0,1,0,1,0.5034000494530544
98,1,0,1,1,0,0,0,0,1,0,0,0,0,0,0,0,0.009823274507519075
99,1,0,0,0,0,0,0,0,0,0,0,0,0,0,0,1,0.7100281378519226
100,1,0,0,0,0,1,0,0,1,1,0,0,0,0,0,0,0.009823274507519075
102,0,1,1,1,1,1,0,0,0,1,1,1,1,1,0,0,0.7872806277783471
103,1,0,1,1,0,0,0,0,1,1,1,1,1,0,0,1,0.5034000494530544
104,1,0,0,0,0,1,0,1,0,0,0,0,0,0,0,0,0.038433930236781544
106,1,0,1,1,0,0,0,0,1,1,1,0,0,1,0,0,0.5034000494530544
108,1,0,1,1,1,0,0,1,1,1,1,1,1,1,0,1,0.5257060830333566
109,1,0,0,0,1,0,0,0,1,1,0,1,1,1,0,1,0.28042097222936935
110,1,0,1,0,0,1,0,1,1,1,0,0,0,0,0,1,0.04596932955310362
111,1,0,0,0,0,1,0,0,0,0,1,0,0,0,0,0,0.8662133726349168
112,0,0,0,0,0,0,0,0,0,0,0,1,1,1,0,1,0.0005320055051392103
113,1,0,0,0,1,1,0,1,0,0,0,0,0,0,0,0,0.009823274507519297
114,1,0,1,1,0,1,0,1,1,0,0,0,0,0,0,0,0.00010751117672946897
117,1,0,0,0,0,0,0,1,0,0,0,0,0,0,0,0,0.11384629800665791
119,0,0,1,1,1,1,0,1,0,0,1,0,0,0,0,0,0.12873504895794774
120,1,0,1,1,0,0,0,0,1,1,1,0,0,0,0,0,0.12873504895794774
121,1,0,0,0,1,0,0,0,0,0,1,0,0,0,0,0,0.8662133726349168
122,0,0,0,0,0,1,0,1,0,0,0,0,0,0,0,0,0.11384629800665769
123,1,0,0,0,0,0,0,0,0,0,0,1,0,1,0,1,0.0755605675259412
127,1,0,0,1,0,0,0,0,0,1,1,0,0,0,0,0,0.5257060830333564
128,1,0,0,0,0,0,0,0,0,1,1,0,0,0,0,0,0.8662133726349168
129,1,0,1,1,1,1,0,1,1,1,0,1,1,1,0,0,0.21156368670330394
130,1,0,1,1,1,0,0,0,0,0,0,1,1,0,0,1,0.6963619219820587
131,1,1,0,0,1,1,0,0,0,1,0,1,1,1,0,1,0.5034000494530544
132,0,0,0,1,0,1,0,0,0,1,0,1,0,0,0,1,0.8899519866505381
133,1,0,1,0,0,1,0,0,1,1,0,0,0,0,0,0,0.0015654022580025018
134,0,0,1,1,0,1,0,0,0,1,1,1,0,1,0,0,0.6963619219820585
135,0,0,0,0,1,0,0,0,0,0,0,0,0,1,0,1,0.276822714688858
138,1,1,0,0,0,0,0,0,0,0,0,0,0,0,0,0,0.11384629800665769
139,0,1,0,0,0,1,0,0,0,0,0,0,0,0,0,0,0.11384629800665769
140,1,0,1,0,1,0,0,0,0,0,0,0,0,0,0,0,0.038433930236781766
142,1,1,0,0,0,1,0,1,1,0,0,1,0,1,0,1,1.0
143,1,0,0,0,0,1,0,0,0,1,0,0,0,1,1,0,0.8899519866505381
144,1,1,0,0,0,0,0,0,0,0,0,0,0,0,0,0,0.11384629800665769
145,0,0,0,1,1,1,0,0,0,0,0,1,0,0,0,1,0.8899519866505381
146,1,1,0,0,0,0,0,0,1,0,1,1,1,1,0,1,0.011139332097004129
149,1,0,1,1,1,1,0,1,0,0,0,1,0,1,0,1,0.6963619219820578
152,1,0,1,0,0,0,0,1,0,0,0,0,0,0,0,0,0.038433930236781766
154,1,0,0,0,0,1,0,0,0,1,1,1,0,1,0,0,0.4243278351260509
155,1,0,0,0,1,1,0,0,0,1,0,0,1,1,0,1,0.6963619219820583
159,0,1,0,0,1,0,0,0,0,0,0,0,0,0,0,0,0.11384629800665791
161,1,0,0,0,0,1,0,0,0,0,1,1,0,0,0,0,0.5626156686992476
162,1,0,0,0,1,1,0,0,0,0,0,0,0,0,0,0,0.038433930236781544
163,1,0,1,1,0,1,0,1,0,0,1,0,0,1,0,1,1.0
164,1,0,0,0,0,1,0,1,0,1,1,0,1,1,0,1,0.28042097222936957
167,0,0,1,1,0,0,0,0,0,0,0,1,0,1,0,1,0.21156368670330417
170,1,0,0,1,0,0,0,1,1,0,0,0,0,0,0,1,0.2825564792379551
171,1,0,1,1,1,1,0,1,1,0,1,1,1,0,0,1,0.8899519866505372
173,1,0,0,0,0,0,0,0,1,0,0,1,0,0,0,1,0.5626156686992478
174,0,1,0,0,1,0,0,0,0,0,0,0,0,0,0,0,0.11384629800665791
175,1,0,1,1,0,0,0,1,1,0,1,1,0,0,0,0,0.5034000494530544
177,1,0,0,0,0,0,0,0,0,0,1,0,1,0,0,0,0.276822714688858
179,1,0,0,0,0,0,0,0,0,0,0,1,1,0,0,1,0.0755605675259412
181,1,0,1,0,0,0,0,0,0,0,0,0,0,1,0,0,0.8662133726349168
182,1,0,1,1,0,0,0,0,0,1,1,1,1,1,0,0,0.2804209722293698
184,0,0,0,0,1,0,0,0,0,1,0,0,0,0,0,1,0.866213372634917
185,1,1,0,0,1,0,0,1,0,0,0,0,0,0,0,0,0.009823274507519297
186,1,0,1,1,0,0,0,1,1,0,1,1,1,1,0,1,0.12873504895794774
187,1,1,1,0,0,0,0,1,0,1,1,1,0,0,0,0,0.5034000494530544
188,0,0,1,1,0,1,0,1,1,1,0,0,0,0,0,0,0.00010751117672946897
189,1,0,0,0,1,1,0,1,0,0,0,1,0,1,0,1,0.6963619219820587
190,1,0,1,0,0,0,0,0,1,0,0,1,0,0,0,1,0.8899519866505381
191,0,0,0,0,1,0,0,0,0,1,0,0,0,0,0,0,0.11384629800665813
192,1,0,0,0,0,1,0,0,0,0,0,0,1,0,0,0,0.8662133726349168
193,1,1,1,1,1,1,0,0,1,1,1,1,1,1,0,1,0.8662133726349175
195,1,1,0,0,1,0,0,0,0,0,0,0,0,0,0,0,0.038433930236781766
196,1,0,0,0,1,0,0,0,0,0,0,0,0,0,0,0,0.11384629800665791
197,0,1,0,0,0,0,0,0,0,0,0,0,0,0,0,1,0.7100281378519226
201,1,0,0,0,1,1,0,0,0,0,1,0,0,0,0,0,0.5257060830333564
203,1,1,1,0,0,0,0,1,0,1,1,0,0,0,0,1,0.5034000494530544
205,1,0,0,0,1,1,0,0,0,1,0,0,1,1,0,1,0.6963619219820583
206,1,0,0,0,1,1,0,0,0,0,0,0,1,1,0,1,0.4243278351260509
210,0,0,0,0,0,0,0,0,1,0,1,0,0,0,0,0,0.7100281378519226
212,0,0,1,0,1,0,0,0,1,0,1,0,1,1,0,0,0.4243278351260509
213,0,0,1,0,0,1,0,0,0,1,0,0,0,0,0,1,0.5257060830333564
214,1,0,0,0,1,1,0,1,0,1,0,0,0,0,0,0,0.0015654022580025018
217,1,0,0,0,1,1,0,0,0,0,0,0,0,1,0,0,0.5257060830333564
219,1,1,0,0,1,1,0,0,1,1,0,0,0,1,0,1,0.28042097222936935
221,0,0,0,0,0,1,0,0,0,0,0,0,0,0,0,1,0.7100281378519226
222,1,0,0,0,1,1,0,0,0,1,0,0,0,1,0,1,0.7872806277783464
223,1,0,0,0,1,1,0,0,0,1,0,0,0,0,0,1,0.2825564792379549
224,0,1,1,0,0,0,0,0,0,0,0,0,1,0,0,0,0.8662133726349168
228,0,0,0,0,0,0,1,0,0,1,0,0,0,0,0,0,0.11384629800665769
229,0,1,0,0,1,0,0,0,0,0,0,0,0,0,0,0,0.11384629800665791
231,0,1,0,0,0,0,0,0,1,0,1,0,0,1,0,1,0.21156368670330417
232,0,1,1,1,0,0,0,0,0,0,0,0,0,0,0,0,0.038433930236781766
233,0,1,0,0,0,0,0,1,1,0,1,0,0,0,0,0,0.5257060830333564
235,0,1,0,0,0,0,0,0,0,0,1,0,0,1,0,0,0.276822714688858
236,0,1,0,0,0,0,0,0,0,0,0,0,1,0,0,0,0.7100281378519226
237,0,1,1,0,0,0,0,0,1,0,0,0,0,1,0,0,0.5257060830333564
238,0,1,0,0,0,0,0,1,0,0,0,0,0,0,0,0,0.11384629800665791
239,0,1,0,0,0,0,0,1,1,0,1,1,1,1,0,1,0.011139332097004129
240,0,1,0,0,0,0,0,1,0,0,0,0,0,0,0,0,0.11384629800665791
241,0,1,0,0,0,1,0,1,0,0,1,0,0,1,0,1,0.4243278351260509
242,0,1,0,0,0,0,0,0,0,0,0,0,0,0,0,1,0.7100281378519226
244,0,0,0,0,0,0,0,1,1,0,0,0,0,0,0,0,0.11384629800665769
245,0,1,0,0,1,0,0,0,0,0,0,0,0,0,0,0,0.11384629800665791
248,0,1,1,1,1,0,0,0,0,0,0,0,1,1,0,0,0.7872806277783466
250,0,0,1,0,1,0,0,0,1,0,0,0,1,0,0,0,0.5257060830333564
251,0,1,0,1,0,1,0,1,0,1,0,0,0,0,0,0,0.0015654022580025018
252,0,1,0,0,0,1,0,1,0,0,0,0,0,1,0,0,0.5257060830333564
253,0,1,0,1,0,0,0,0,0,1,1,0,0,1,0,0,0.8899519866505379
254,0,0,0,0,0,1,0,1,0,0,1,0,0,1,0,0,0.5626156686992476
255,0,1,0,0,0,0,0,1,0,0,0,0,0,0,0,0,0.11384629800665791
257,0,1,0,0,0,0,0,0,0,0,0,0,0,1,0,0,0.7100281378519226
258,0,0,1,1,0,0,0,0,0,1,1,0,0,1,0,0,0.8899519866505381
259,0,1,0,0,0,0,0,1,0,0,0,0,0,1,0,0,0.8662133726349168
260,0,1,0,0,0,0,0,0,0,1,0,0,0,0,0,0,0.11384629800665813
261,0,1,0,0,0,1,0,0,0,1,0,1,0,1,0,0,0.8899519866505381
262,0,1,1,1,1,1,0,1,0,1,0,0,0,0,0,0,1.3621872099189858e-06
264,0,0,1,0,0,0,0,1,0,0,0,0,0,0,0,0,0.11384629800665813
265,0,1,0,0,0,0,0,0,1,1,0,0,0,0,0,0,0.038433930236781544
266,0,1,0,0,0,0,0,0,0,0,0,0,0,1,0,0,0.7100281378519226
267,0,1,1,1,0,0,0,0,1,0,1,0,0,0,0,0,0.2825564792379551
273,0,1,1,1,1,1,0,0,1,0,0,0,0,1,0,0,0.04596932955310362
274,0,1,1,1,0,1,0,1,0,0,0,0,0,0,0,0,0.0015654022580025018
275,0,0,0,0,0,0,0,1,0,0,1,1,0,1,0,0,0.0755605675259412
276,0,1,0,0,0,0,0,1,1,0,0,1,0,1,0,0,0.8899519866505381
277,0,0,0,0,1,0,0,0,0,0,0,1,0,0,0,1,0.276822714688858
278,0,1,1,1,1,0,0,1,1,0,0,1,1,0,0,1,0.6963619219820578
279,0,1,0,0,0,0,0,1,0,0,0,0,0,0,0,0,0.11384629800665791
281,0,0,0,0,0,1,0,1,1,0,0,0,0,0,0,0,0.038433930236781544
283,0,1,1,1,0,0,0,1,0,0,0,1,0,0,0,0,0.2825564792379551
284,0,1,0,0,0,0,0,0,0,0,0,0,1,0,0,0,0.7100281378519226
293,0,0,0,0,0,0,0,0,1,1,0,0,0,0,0,1,0.8662133726349168
295,0,1,1,1,1,1,0,0,0,0,0,0,0,0,0,0,0.0015654022580025018
296,0,1,0,0,1,0,0,0,0,0,0,0,0,0,0,0,0.11384629800665791
297,0,1,0,0,1,0,0,0,0,1,0,0,0,0,0,0,0.038433930236781544
298,0,1,0,0,1,0,0,0,0,0,0,0,0,0,0,0,0.11384629800665791
299,0,1,0,0,0,0,0,0,0,1,0,0,0,1,0,0,0.8662133726349168
300,0,0,0,0,0,0,0,0,1,0,0,1,0,0,0,1,0.276822714688858
306,0,1,0,0,0,0,0,0,0,0,0,0,0,1,0,0,0.7100281378519226
307,0,1,0,0,0,0,0,0,0,0,0,0,0,1,0,0,0.7100281378519226
309,0,0,0,0,0,0,0,0,0,0,0,1,0,1,0,0,0.08326451666355039
310,0,0,0,0,0,0,0,1,0,0,1,1,0,0,0,0,0.276822714688858
313,0,0,1,0,0,0,0,1,0,0,0,0,0,0,0,0,0.11384629800665813
314,0,0,1,1,1,0,0,1,0,0,0,0,0,0,0,0,0.009823274507519297
315,0,0,1,1,1,0,1,0,0,0,0,0,1,0,1,0,0.7872806277783466
316,0,0,1,0,1,0,1,0,0,0,0,0,0,0,0,0,0.038433930236781544
318,0,0,1,0,0,0,1,0,1,0,0,1,0,0,0,0,0.5257060830333564
319,0,0,1,0,0,0,0,0,0,0,0,0,0,1,0,0,0.7100281378519226
320,0,0,1,0,0,0,0,1,0,0,0,0,0,1,0,0,0.8662133726349168
321,0,0,1,1,0,0,0,0,1,0,1,1,0,0,0,0,0.8899519866505381
322,0,0,1,1,1,0,0,0,0,0,0,0,0,0,0,1,0.5257060830333566
323,0,0,1,0,0,1,0,0,0,1,0,0,0,0,0,0,0.038433930236781544
324,0,0,1,0,1,0,0,0,0,0,0,0,0,0,0,0,0.11384629800665769
325,0,0,1,0,0,0,0,0,0,0,0,0,0,0,1,0,0.7100281378519226
326,0,0,1,1,1,0,0,0,0,1,0,0,1,0,0,0,0.2825564792379551
327,0,0,1,1,0,0,0,0,0,0,0,0,1,0,0,0,0.8662133726349168
329,0,0,1,1,1,0,0,1,0,0,0,0,0,0,0,0,0.009823274507519297
330,0,0,1,0,1,0,1,0,0,0,0,0,0,0,1,0,0.5257060830333564
331,0,0,1,1,0,0,0,0,1,1,1,0,0,0,0,0,0.2825564792379549
332,0,0,1,0,0,0,0,0,1,1,0,0,0,0,0,0,0.038433930236781544
334,0,0,1,0,0,0,0,0,1,0,0,1,0,1,0,1,0.21156368670330417
335,0,0,1,1,1,0,0,0,0,0,0,0,1,0,0,0,0.5257060830333566
336,0,0,1,1,1,0,0,0,0,1,0,0,0,0,0,0,0.009823274507519075
337,0,0,1,1,1,0,0,0,0,0,0,0,0,0,0,1,0.5257060830333566
338,0,0,1,0,0,1,0,0,1,0,0,0,0,0,0,0,0.038433930236781544
339,0,0,0,1,0,0,0,0,0,0,0,1,1,1,0,1,0.008265343583560014
342,0,0,1,1,1,1,1,0,0,1,1,1,0,1,0,0,0.6963619219820578
343,0,0,1,0,1,0,0,0,0,0,0,0,1,0,0,1,0.5626156686992476
344,0,0,1,1,1,0,0,0,0,0,1,0,0,0,0,0,0.5257060830333566
345,0,0,1,0,1,0,0,0,0,0,0,0,0,0,0,0,0.11384629800665769
346,0,0,0,0,1,1,0,1,1,1,0,0,0,0,0,0,0.0015654022580025018
347,0,0,0,0,0,0,0,0,1,0,0,0,0,0,0,1,0.7100281378519226
348,0,0,1,1,0,0,0,0,0,0,0,1,0,0,0,0,0.8662133726349168
350,0,0,1,0,0,1,0,1,1,0,1,0,0,0,0,0,0.2825564792379549
351,0,0,1,0,1,1,0,1,1,1,0,1,0,0,0,0,0.04596932955310362
352,0,0,1,0,0,0,0,0,1,0,0,1,0,1,0,0,0.5626156686992476
353,0,0,1,0,0,0,0,0,0,0,0,0,1,1,0,0,0.276822714688858
354,0,0,1,0,0,0,0,0,1,0,0,0,1,1,0,1,0.21156368670330417
355,0,0,1,1,1,1,0,0,0,0,0,0,1,1,0,1,0.6963619219820587
356,0,0,1,1,0,0,0,0,1,1,1,0,1,0,0,1,0.6963619219820583
358,0,0,1,1,0,0,0,0,0,0,0,0,0,0,0,0,0.11384629800665791
359,0,0,0,1,1,1,0,0,0,1,1,0,0,0,0,0,0.2825564792379549
360,0,0,1,0,0,1,0,1,0,0,0,0,0,0,0,0,0.038433930236781544
361,0,0,1,0,0,0,0,1,1,0,1,0,0,0,0,0,0.5257060830333564
362,0,0,0,1,0,1,0,0,0,0,0,0,0,0,0,0,0.11384629800665791
366,0,0,0,1,1,0,0,0,1,0,0,0,0,0,0,0,0.038433930236781544
368,0,0,0,0,1,0,1,1,0,0,0,0,0,0,0,0,0.038433930236781544
370,0,0,0,1,0,0,0,0,1,0,0,0,0,0,0,1,0.8662133726349168
371,0,0,0,1,0,0,0,0,0,0,1,1,0,0,0,0,0.276822714688858
372,0,0,0,1,0,1,0,0,0,1,0,0,1,0,0,0,0.5257060830333564
373,0,0,0,1,1,0,0,0,0,0,1,0,0,0,0,0,0.8662133726349168
374,0,0,0,1,1,0,1,0,0,0,0,0,0,0,0,1,0.5257060830333564
375,0,0,0,1,1,0,0,0,0,0,0,0,0,0,0,0,0.11384629800665769
376,0,0,0,0,0,0,0,1,0,0,1,0,0,0,0,0,0.7100281378519226
379,0,0,0,1,0,0,0,0,0,0,1,0,0,0,0,0,0.7100281378519226
380,0,0,0,1,0,0,0,0,0,0,0,1,1,1,0,0,0.07556056752594142
381,0,0,0,1,1,1,0,0,0,0,0,0,0,0,0,1,0.5257060830333564
386,0,0,0,1,0,0,0,0,1,0,1,1,0,0,0,0,0.5626156686992476
390,0,0,0,0,0,1,0,0,0,0,1,0,0,1,0,0,0.276822714688858
393,0,0,0,0,1,0,0,1,0,0,1,0,0,0,0,0,0.8662133726349168
394,0,0,0,0,1,0,0,0,0,0,0,1,1,0,1,0,0.0755605675259412
398,0,0,0,0,1,0,0,0,0,0,0,0,1,0,0,0,0.7100281378519226
399,0,0,0,0,1,0,0,0,0,0,0,1,1,1,0,1,0.008265343583560014
400,0,0,0,0,1,0,1,0,0,0,0,0,0,0,1,0,0.8662133726349168
401,0,0,0,0,1,1,1,0,0,0,0,0,1,0,1,0,0.8899519866505381
402,0,0,0,0,0,0,1,1,0,1,0,0,0,0,0,0,0.038433930236781544
404,0,0,0,0,1,1,0,0,0,0,0,0,0,0,0,0,0.11384629800665791
405,0,0,0,0,1,0,0,0,0,0,1,0,0,0,0,0,0.7100281378519226
410,0,0,0,0,1,0,0,0,0,0,0,1,0,1,0,1,0.0755605675259412
412,0,0,0,0,1,0,0,1,0,1,0,0,0,1,0,0,0.5257060830333564
413,0,0,0,0,1,0,1,0,0,0,0,1,1,1,1,1,0.0013698285181453773
414,0,0,0,0,1,0,0,0,0,0,0,0,1,0,0,1,0.276822714688858
415,0,0,0,0,1,1,0,0,0,0,0,0,0,0,0,0,0.11384629800665791
416,0,0,0,0,1,1,0,0,1,1,1,0,1,1,0,1,0.28042097222936935
417,0,0,0,0,1,0,0,1,0,0,0,0,0,0,1,0,0.8662133726349168
423,0,0,0,0,0,0,0,0,0,1,0,0,0,1,0,1,0.276822714688858
426,0,0,0,0,1,0,0,0,0,0,0,0,0,1,0,0,0.7100281378519226
428,0,0,0,0,1,0,0,0,0,1,0,0,0,1,0,0,0.866213372634917
429,0,0,0,0,1,1,0,0,0,1,0,0,0,1,0,0,0.5257060830333564
430,0,0,0,0,1,0,0,0,0,0,0,0,0,1,0,1,0.276822714688858
432,0,0,0,0,0,1,0,0,0,0,1,1,1,1,0,1,4.313707790970511e-05
434,0,0,0,0,0,0,0,0,0,0,1,1,0,0,0,0,0.08326451666355039
436,0,0,0,0,0,1,0,1,0,0,0,0,0,0,0,0,0.11384629800665769
438,0,0,0,0,0,0,0,0,0,1,1,0,0,0,0,0,0.7100281378519226
439,0,0,0,0,0,1,0,0,0,1,0,0,0,0,0,0,0.11384629800665769
442,0,0,0,0,0,1,0,0,0,0,1,0,0,0,0,0,0.7100281378519226
444,0,0,0,0,0,0,1,0,1,1,0,1,0,1,0,1,0.4243278351260509
445,0,0,0,0,0,0,1,0,0,0,0,0,0,0,1,0,0.7100281378519226
447,0,0,0,0,0,0,1,0,1,0,0,1,1,0,1,0,0.21156368670330417
448,0,0,0,0,0,0,1,0,0,0,1,0,0,0,0,0,0.7100281378519226
450,0,0,0,0,0,0,1,0,0,0,0,0,0,0,1,0,0.7100281378519226
451,0,0,0,0,0,0,1,0,0,0,0,0,0,0,1,0,0.7100281378519226
452,0,0,0,0,0,0,1,0,0,0,0,0,0,0,1,0,0.7100281378519226
454,0,0,0,0,0,0,1,0,0,0,0,0,0,0,1,1,0.276822714688858
457,0,0,0,0,0,0,1,0,0,0,0,0,0,0,1,0,0.7100281378519226
460,0,0,0,0,0,0,1,0,0,0,0,0,0,0,1,0,0.7100281378519226
464,0,0,0,0,0,0,1,0,0,0,0,0,0,0,1,0,0.7100281378519226
465,0,0,0,0,0,0,1,0,0,0,0,0,0,0,1,0,0.7100281378519226
468,0,0,0,0,0,0,1,0,0,1,0,0,1,0,0,0,0.8662133726349168
469,0,0,0,0,0,0,1,0,0,0,0,0,0,0,1,0,0.7100281378519226
470,0,0,0,0,0,0,1,0,0,0,0,0,0,0,1,0,0.7100281378519226
472,0,0,0,0,0,0,1,0,0,0,1,1,1,1,1,1,0.0
480,0,0,0,0,0,0,1,0,0,0,0,0,0,0,1,0,0.7100281378519226
481,0,0,0,0,0,0,1,0,0,0,0,0,0,0,1,0,0.7100281378519226
482,0,0,0,0,0,0,1,0,0,0,0,0,0,0,1,0,0.7100281378519226
484,0,0,0,0,0,0,1,0,0,0,0,0,0,0,1,0,0.7100281378519226
485,0,0,0,0,0,0,1,0,0,0,0,0,0,0,1,0,0.7100281378519226
486,0,0,0,0,0,0,1,0,0,0,0,0,0,0,1,0,0.7100281378519226
487,0,0,0,0,0,0,1,0,0,0,0,0,0,0,1,0,0.7100281378519226
489,0,0,0,0,0,0,1,0,0,0,0,0,0,0,1,0,0.7100281378519226
490,0,0,0,0,0,0,1,0,0,0,0,0,0,0,1,0,0.7100281378519226
491,0,0,0,0,0,0,1,0,0,0,0,0,0,0,1,0,0.7100281378519226
496,0,0,0,0,0,0,1,0,0,0,1,1,1,1,1,1,0.0
499,0,0,0,0,0,0,1,0,0,0,0,0,0,0,1,0,0.7100281378519226
500,0,0,0,0,0,0,1,0,0,0,0,0,0,0,1,0,0.7100281378519226
501,0,0,0,0,0,0,1,0,0,0,0,0,0,0,1,0,0.7100281378519226
508,0,0,0,0,0,0,1,0,0,0,0,0,0,0,1,0,0.7100281378519226
509,0,0,0,0,0,0,1,0,0,0,0,1,1,1,1,1,4.313707790970511e-05
510,0,0,0,0,0,0,1,0,0,0,0,0,0,0,1,0,0.7100281378519226
512,0,0,0,0,0,0,1,0,0,0,0,0,0,0,1,0,0.7100281378519226
513,0,0,0,0,0,0,1,0,0,0,0,0,0,0,1,0,0.7100281378519226
515,0,0,0,0,0,0,1,0,0,0,0,0,0,0,1,0,0.7100281378519226
517,0,0,0,0,0,0,1,0,0,0,0,0,0,0,1,0,0.7100281378519226
520,0,0,0,0,0,0,1,0,0,0,0,0,0,0,1,0,0.7100281378519226
522,0,0,0,0,0,0,1,0,0,0,0,0,0,0,1,0,0.7100281378519226
523,0,0,0,0,0,0,1,0,0,0,0,0,0,0,1,0,0.7100281378519226
528,0,0,0,0,0,0,1,0,0,0,0,0,0,0,1,0,0.7100281378519226
529,0,0,0,0,0,0,1,0,0,0,0,0,0,0,1,0,0.7100281378519226
535,0,0,0,0,0,0,1,0,0,0,0,0,0,0,1,0,0.7100281378519226
539,0,0,0,0,0,0,1,0,0,0,0,0,0,0,1,0,0.7100281378519226
542,0,0,0,0,0,0,1,0,0,0,0,0,0,0,1,0,0.7100281378519226
543,0,0,0,0,0,0,1,0,0,0,0,0,0,0,1,0,0.7100281378519226
545,0,0,0,0,0,0,1,0,0,0,0,0,0,0,1,0,0.7100281378519226
546,0,0,0,0,0,0,1,0,0,0,0,0,0,0,1,0,0.7100281378519226
563,0,0,0,0,0,0,1,0,1,0,0,0,0,0,1,0,0.8662133726349168
566,0,0,0,0,0,0,1,0,0,0,0,0,0,0,1,0,0.7100281378519226
567,0,0,0,0,0,0,0,1,0,0,0,1,1,1,0,0,0.0755605675259412
569,0,0,0,0,0,0,0,1,1,0,0,0,0,1,0,1,0.5626156686992476
571,0,0,0,0,0,0,0,1,0,0,0,1,0,0,0,1,0.276822714688858
572,0,0,0,0,0,0,0,1,1,0,1,1,0,0,0,1,0.21156368670330394
573,0,0,0,0,0,0,0,0,0,0,1,0,0,0,0,1,0.08326451666355039
587,0,0,0,0,0,0,0,0,0,1,1,0,0,0,0,0,0.7100281378519226
594,0,0,0,0,0,0,0,0,0,0,0,1,1,1,0,1,0.0005320055051392103
595,0,0,0,0,0,0,0,0,1,0,1,1,1,1,0,1,4.313707790970511e-05
596,0,0,0,0,0,0,0,0,0,0,1,1,0,1,0,1,0.0005320055051392103
597,0,0,0,0,0,0,0,0,0,0,1,1,1,1,0,1,4.3204630539861455e-08
598,0,0,0,0,0,0,0,0,0,0,0,1,1,0,0,1,0.014305878435429742
599,0,0,0,0,0,0,0,0,0,0,1,1,0,1,0,1,0.0005320055051392103
601,0,0,0,0,0,0,0,0,0,0,1,0,0,1,0,1,0.014305878435429742
602,0,0,0,0,0,0,0,0,0,0,1,1,1,1,0,1,4.3204630539861455e-08
603,0,0,0,0,0,0,0,0,0,0,0,0,1,1,0,1,0.014305878435429742
605,0,0,0,0,0,0,0,0,0,0,1,1,0,0,0,0,0.08326451666355039
606,0,0,0,0,0,0,0,0,0,0,0,1,0,0,0,1,0.08326451666355039
607,0,0,0,0,0,0,0,0,0,0,0,1,1,0,0,1,0.014305878435429742
608,0,0,0,0,0,0,0,0,0,0,1,1,1,0,0,1,0.0005320055051392103
610,0,0,0,0,0,0,0,0,1,0,0,0,0,0,1,1,0.276822714688858
611,0,0,0,0,0,0,0,0,0,1,1,1,1,0,1,1,4.313707790970511e-05
612,0,0,0,0,0,0,0,0,0,0,1,1,1,1,1,1,
613,0,0,0,0,0,0,0,0,0,0,1,0,0,1,0,1,0.014305878435429742
614,0,0,0,0,0,0,0,0,0,0,0,0,0,0,1,1,0.08326451666355039
615,0,0,0,0,0,0,0,0,0,0,0,1,0,0,0,1,0.08326451666355039
617,0,0,0,0,0,0,0,0,0,0,0,0,1,0,0,1,0.08326451666355039
618,0,0,0,0,0,0,0,0,0,0,0,1,1,1,0,1,0.0005320055051392103
619,0,0,0,0,0,0,0,0,0,0,1,0,0,0,0,1,0.08326451666355039
620,0,0,0,0,0,0,0,0,1,0,1,0,0,1,0,0,0.276822714688858
621,0,0,0,0,0,0,0,0,0,0,0,1,1,1,1,1,4.3204630539861455e-08
622,0,0,0,0,0,0,0,0,0,0,0,1,1,1,0,1,0.0005320055051392103
623,0,0,0,0,0,0,0,0,0,0,0,0,0,1,0,1,0.08326451666355039
624,0,0,0,0,0,0,0,0,0,0,1,1,1,1,0,1,4.3204630539861455e-08
625,0,0,0,0,0,0,0,0,0,0,0,1,0,1,0,1,0.014305878435429742
626,0,0,0,0,0,0,0,0,0,0,0,1,1,1,0,1,0.0005320055051392103
627,0,0,0,0,0,0,0,0,0,0,0,1,1,1,0,1,0.0005320055051392103
628,0,0,0,0,0,0,0,0,0,0,0,0,1,1,0,1,0.014305878435429742
635,0,0,0,0,0,0,0,0,1,0,0,1,0,0,1,0,0.276822714688858
636,0,0,0,0,0,0,0,0,1,0,0,1,0,0,0,0,0.7100281378519226
638,0,0,0,0,0,0,0,0,0,0,1,1,0,0,0,0,0.08326451666355039
641,0,0,0,0,0,0,0,0,0,0,1,0,0,0,1,0,0.08326451666355039
642,0,0,0,0,0,0,0,0,0,0,1,1,1,0,0,0,0.014305878435429742
644,0,0,0,0,0,0,0,0,0,0,1,1,1,0,0,0,0.014305878435429742
646,0,0,0,0,0,0,0,0,0,0,1,0,1,0,0,0,0.08326451666355039
647,0,0,0,0,0,0,0,0,0,0,1,1,1,0,0,0,0.014305878435429742
648,0,0,0,0,0,0,0,0,0,0,1,1,0,0,0,0,0.08326451666355039
649,0,0,0,0,0,0,0,0,0,0,1,1,1,0,0,0,0.014305878435429742
651,0,0,0,0,0,0,0,0,0,0,1,1,0,0,0,0,0.08326451666355039
656,0,0,0,0,0,0,0,0,0,0,0,1,0,1,0,0,0.08326451666355039
657,0,0,0,0,0,0,0,0,0,0,0,1,1,1,0,0,0.014305878435429742
658,0,0,0,0,0,0,0,0,0,0,0,1,1,0,0,0,0.08326451666355039
659,0,0,0,0,0,0,0,0,0,0,0,1,1,0,0,0,0.08326451666355039
664,0,0,0,0,0,0,0,0,0,0,0,0,1,1,0,0,0.08326451666355039
665,0,0,0,0,0,0,0,0,0,0,0,0,1,0,1,0,0.08326451666355039
684,0,0,0,0,0,0,0,0,0,0,0,0,0,1,1,0,0.08326451666355039
